[
 {
    "name": "Alex" ,
	"img": "avatar.png",
	"time": "a moment ago" ,
	"summary": "Ciao sociis natoque penatibus et auctor ..."
 },

 {
	"name": "Susan" ,
	"img": "avatar3.png",
	"time": "20 minutes ago" ,
	"summary": "Vestibulum id ligula porta felis euismod ..."
 },

 {
	"name": "Bob" ,
	"img": "avatar4.png",
	"time": "3:15 pm" ,
	"summary": "Nullam quis risus eget urna mollis ornare ..."
 },

 {
	"name": "Kate" ,
	"img": "avatar2.png",
	"time": "1:33 pm" ,
	"summary": "Ciao sociis natoque eget urna mollis ornare ..."
 },

 {
	"name": "Fred" ,
	"img": "avatar5.png",
	"time": "10:09 am" ,
	"summary": "Vestibulum id penatibus et auctor  ..."
 }
]